{
  "projects/cakeml_libs": {
    "last_fetch": 1773489595.7215068,
    "last_checkout": 1773489595.7215068
  },
  "projects/camkes": {
    "last_fetch": 1773489595.7215068,
    "last_checkout": 1773489595.7215068
  },
  "projects/capdl": {
    "last_fetch": 1773489595.7215068,
    "last_checkout": 1773489595.7215068
  },
  "projects/global-components": {
    "last_fetch": 1773489595.7215068,
    "last_checkout": 1773489595.7215068
  },
  "projects/musllibc": {
    "last_fetch": 1773489595.7215068,
    "last_checkout": 1773489595.7215068
  },
  "projects/camkes-tool": {
    "last_fetch": 1773489595.7215068,
    "last_checkout": 1773489595.7215068
  },
  "kernel": {
    "last_fetch": 1773489595.7215068,
    "last_checkout": 1773489595.7215068
  },
  "projects/sel4runtime": {
    "last_fetch": 1773489595.7215068,
    "last_checkout": 1773489595.7215068
  },
  "projects/picotcp": {
    "last_fetch": 1773489595.7215068,
    "last_checkout": 1773489595.7215068
  },
  "projects/projects_libs": {
    "last_fetch": 1773489595.7215068,
    "last_checkout": 1773489595.7215068
  },
  "projects/util_libs": {
    "last_fetch": 1773489595.7215068,
    "last_checkout": 1773489595.7215068
  },
  "projects/seL4_projects_libs": {
    "last_fetch": 1773489595.7215068,
    "last_checkout": 1773489595.7215068
  },
  "tools/opensbi": {
    "last_fetch": 1773489595.7215068,
    "last_checkout": 1773489595.7215068
  },
  "projects/seL4_libs": {
    "last_fetch": 1773489595.7215068,
    "last_checkout": 1773489595.7215068
  },
  "tools/pruner": {
    "last_fetch": 1773489595.7215068,
    "last_checkout": 1773489595.7215068
  },
  "projects/lwip": {
    "last_fetch": 1773489595.7215068,
    "last_checkout": 1773489595.7215068
  },
  "tools/rumprun": {
    "last_fetch": 1773489595.7215068,
    "last_checkout": 1773489595.7215068
  },
  "tools/seL4": {
    "last_fetch": 1773489595.7215068,
    "last_checkout": 1773489595.7215068
  }
}